Number,Name,Description,GeometryType,Latitude,Longitude,Elevation,GeoidOffset,Site,Species,Planting Date,School,Grade
711,So-SaSp125,NA,Point,38.2254672783333,-122.827772646667,69.395,-27.65,SoMar,SaSp,NA,NA,NA
710,So-SaSp124,NA,Point,38.225469135,-122.827798763333,69.86,-27.65,SoMar,SaSp,NA,NA,NA
709,So-SaSp123,NA,Point,38.2254593266667,-122.827814623333,69.548,-27.65,SoMar,SaSp,NA,NA,NA
708,So-SaSp122,NA,Point,38.2254506783333,-122.827827266667,69.602,-27.65,SoMar,SaSp,NA,NA,NA
707,So-SaSp121,NA,Point,38.2254345683333,-122.827832325,68.975,-27.65,SoMar,SaSp,NA,NA,NA
706,So-SaSp120,NA,Point,38.2254279666667,-122.827838163333,68.999,-27.65,SoMar,SaSp,NA,NA,NA
705,So-SaSp119,NA,Point,38.2254118866667,-122.827840906667,68.582,-27.65,SoMar,SaSp,NA,NA,NA
704,So-SaSp118,NA,Point,38.22539893,-122.827853708333,68.882,-27.65,SoMar,SaSp,NA,NA,NA
703,So-SaSp116,NA,Point,38.225329685,-122.827890376667,68.629,-27.65,SoMar,SaSp,NA,NA,NA
702,So-SaSp115,NA,Point,38.2253176616667,-122.827897245,68.586,-27.65,SoMar,SaSp,NA,NA,NA
701,So-SaSp114,NA,Point,38.2253057233333,-122.82791119,68.716,-27.65,SoMar,SaSp,NA,NA,NA
700,So-SaSp113,NA,Point,38.2252995083333,-122.827914983333,68.894,-27.65,SoMar,SaSp,NA,NA,NA
699,So-SaSp112,NA,Point,38.225289485,-122.82791697,68.767,-27.65,SoMar,SaSp,NA,NA,NA
698,So-SaSp111,NA,Point,38.2245708966667,-122.828487273333,67.419,-27.652,SoMar,SaSp,NA,NA,NA
697,So-SaSp110,NA,Point,38.224558455,-122.828497876667,68.092,-27.652,SoMar,SaSp,NA,NA,NA
692,So-BaPi15,NA,Point,38.22752432,-122.826809253333,73.779,-27.645,SoMar,BaPi,NA,NA,NA
691,So-CeTh09,NA,Point,38.2275000066667,-122.826811155,73.944,-27.646,SoMar,CeTh,NA,NA,NA
690,So-BaPi14,NA,Point,38.227478085,-122.826837151667,73.737,-27.646,SoMar,BaPi,NA,NA,NA
689,So-CoSe17,NA,Point,38.2272472083333,-122.826920436667,72.296,-27.646,SoMar,CoSe,NA,NA,NA
684,So-SaNi10,NA,Point,38.2269559816667,-122.826897118333,72.542,-27.647,SoMar,SaNi,NA,NA,NA
683,So-SaSp109,NA,Point,38.2261520933333,-122.827370313333,70.234,-27.648,SoMar,SaSp,NA,NA,NA
682,So-SaSp108,NA,Point,38.22693292,-122.826975625,71.317,-27.647,SoMar,SaSp,NA,NA,NA
681,So-SaSp107,NA,Point,38.226943655,-122.826970438333,71.311,-27.647,SoMar,SaSp,NA,NA,NA
680,So-SaSp106,NA,Point,38.2269548383333,-122.826967245,71.422,-27.647,SoMar,SaSp,NA,NA,NA
679,So-SaSp105,NA,Point,38.226966555,-122.826963195,71.407,-27.647,SoMar,SaSp,NA,NA,NA
678,So-SaSp104,NA,Point,38.2270572583333,-122.82694314,71.942,-27.646,SoMar,SaSp,NA,NA,NA
677,So-SaSp103,NA,Point,38.2270815966667,-122.826942406667,72.085,-27.646,SoMar,SaSp,NA,NA,NA
676,So-SaSp102,NA,Point,38.2270988016667,-122.8269339,71.896,-27.646,SoMar,SaSp,NA,NA,NA
675,So-SaSp101,NA,Point,38.2271161333333,-122.826925668333,71.619,-27.646,SoMar,SaSp,NA,NA,NA
674,So-SaSp100,NA,Point,38.2271294383333,-122.82692146,71.439,-27.646,SoMar,SaSp,NA,NA,NA
673,So-SaSp99,NA,Point,38.227148295,-122.826932045,71.597,-27.646,SoMar,SaSp,NA,NA,NA
672,So-SaSp98,NA,Point,38.2274548916667,-122.826957736667,73.434,-27.646,SoMar,SaSp,NA,NA,NA
671,So-SaSp97,NA,Point,38.2274648783333,-122.826952778333,73.171,-27.646,SoMar,SaSp,NA,NA,NA
670,So-SaSp96,NA,Point,38.2274773183333,-122.826945875,72.809,-27.646,SoMar,SaSp,NA,NA,NA
669,So-SaSp95,NA,Point,38.22749543,-122.82693884,72.802,-27.646,SoMar,SaSp,NA,NA,NA
668,So-LoIn12,NA,Point,38.227650035,-122.826878356667,73.699,-27.645,SoMar,LoIn,NA,NA,NA
667,So-LoIn11,NA,Point,38.2276696883333,-122.826858165,73.372,-27.645,SoMar,LoIn,NA,NA,NA
666,So-PoFr06 ðŸ˜ˆ,NA,Point,38.2277176866667,-122.826842523333,74.534,-27.645,SoMar,PoFr,NA,NA,NA
665,So-FrLa51,NA,Point,38.22934188,-122.825989673333,82.149,-27.642,SoMar,FrLa,NA,NA,NA
664,So-LoIn10,NA,Point,38.2292192516667,-122.826038673333,81.407,-27.642,SoMar,LoIn,NA,NA,NA
663,So-FrLa50,NA,Point,38.2290518216667,-122.826144498333,80.956,-27.642,SoMar,FrLa,NA,NA,NA
662,So-RuUr45,NA,Point,38.2289132433333,-122.826194378333,80.304,-27.643,SoMar,RuUr,NA,NA,NA
661,So-CeTh08,NA,Point,38.2288896166667,-122.826225776667,80.641,-27.643,SoMar,CeTh,NA,NA,NA
660,So-FrLa49,NA,Point,38.2288634483333,-122.826205855,80.056,-27.643,SoMar,FrLa,NA,NA,NA
659,So-SaNi09,NA,Point,38.2288225533333,-122.826238231667,80.071,-27.643,SoMar,SaNi,NA,NA,NA
658,So-FrLa48,NA,Point,38.2287613483333,-122.826284016667,80.013,-27.643,SoMar,FrLa,NA,NA,NA
657,So-SaNi08,NA,Point,38.2287022083333,-122.826324778333,80.327,-27.643,SoMar,SaNi,NA,NA,NA
656,So-FrLa47,NA,Point,38.2286930383333,-122.826289315,79.44,-27.643,SoMar,FrLa,NA,NA,NA
655,So-SaNi07,NA,Point,38.2286518466667,-122.8263236,79.845,-27.643,SoMar,SaNi,NA,NA,NA
654,So-RoCa26,NA,Point,38.2285489533333,-122.826251153333,78.656,-27.643,SoMar,RoCa,NA,NA,NA
653,So-RuUr44,NA,Point,38.2285262866667,-122.826238731667,78.149,-27.643,SoMar,RuUr,NA,NA,NA
652,So-FrLa46,NA,Point,38.2284947683333,-122.826263968333,78.092,-27.643,SoMar,FrLa,NA,NA,NA
651,So-SaNi06,NA,Point,38.22837671,-122.826332361667,78.707,-27.644,SoMar,SaNi,NA,NA,NA
650,So-SyAl10,NA,Point,38.2283333583333,-122.826342113333,78.105,-27.644,SoMar,SyAl,NA,NA,NA
649,So-SaNi05,NA,Point,38.228251825,-122.826361898333,77.402,-27.644,SoMar,SaNi,NA,NA,NA
648,So-SaNi04,NA,Point,38.228018055,-122.82658562,75.814,-27.644,SoMar,SaNi,NA,NA,NA
646,So-PoFr05,NA,Point,38.2279170933333,-122.826624925,75.082,-27.645,SoMar,PoFr,NA,NA,NA
647,So-SaNi03,NA,Point,38.227958845,-122.826643365,75.58,-27.645,SoMar,SaNi,NA,NA,NA
645,So-CoSe19,NA,Point,38.2278376966667,-122.826711355,74.625,-27.645,SoMar,CoSe,NA,NA,NA
644,So-CoSe18,NA,Point,38.2278285633333,-122.82672815,74.638,-27.645,SoMar,CoSe,NA,NA,NA
643,So-CoSe17,NA,Point,38.22781262,-122.826742746667,74.513,-27.645,SoMar,CoSe,NA,NA,NA
642,So-PoFr04,NA,Point,38.227776595,-122.826797636667,74.784,-27.645,SoMar,PoFr,NA,NA,NA
641,So-2b-right,NA,Point,38.2278077466667,-122.826841013333,75.304,-27.645,SoMar,2b-r,NA,NA,NA
640,So-2b-left,NA,Point,38.2276648666667,-122.826713155,73.611,-27.645,SoMar,2b-l,NA,NA,NA
639,So-PoFr03,NA,Point,38.227716395,-122.826752335,74.279,-27.645,SoMar,PoFr,NA,NA,NA
638,So-PoFr02,NA,Point,38.2277692966667,-122.826670268333,74.548,-27.645,SoMar,PoFr,NA,NA,NA
637,So-SaNi02,NA,Point,38.2277778983333,-122.826610551667,74.967,-27.645,SoMar,SaNi,NA,NA,NA
636,So-RuUr43,NA,Point,38.2281222016667,-122.826290543333,76.561,-27.644,SoMar,RuUr,NA,NA,NA
635,So-RuUr42,NA,Point,38.2281888166667,-122.826243146667,77.22,-27.644,SoMar,RuUr,NA,NA,NA
634,So-RuUr41,NA,Point,38.228239635,-122.82623434999999,76.783,-27.644,SoMar,RuUr,NA,NA,NA
633,So-AeCa00,NA,Point,38.2283258333333,-122.826203348333,76.234,-27.644,SoMar,AeCa,NA,NA,NA
632,So-AeCa00,NA,Point,38.2283828516667,-122.826162008333,76.387,-27.643,SoMar,AeCa,NA,NA,NA
631,So-FrLa45,NA,Point,38.2284019566667,-122.826227993333,75.832,-27.643,SoMar,FrLa,NA,NA,NA
630,So-RuUr40,NA,Point,38.2284767766667,-122.826213096667,76.837,-27.643,SoMar,RuUr,NA,NA,NA
629,So-CrDo21,NA,Point,38.2285323,-122.826095396667,77.35,-27.643,SoMar,CrDo,NA,NA,NA
628,So-LoIn09,NA,Point,38.228504885,-122.826169805,76.21,-27.643,SoMar,LoIn,NA,NA,NA
627,So-RuUr39,NA,Point,38.22851771,-122.82617892,76.763,-27.643,SoMar,RuUr,NA,NA,NA
626,So-SaSp94,NA,Point,38.2285248816667,-122.826180828333,76.869,-27.643,SoMar,SaSp,NA,NA,NA
625,So-SaSp93,NA,Point,38.2285447816667,-122.826172123333,77.006,-27.643,SoMar,SaSp,NA,NA,NA
624,So-RuUr38,NA,Point,38.2285469466667,-122.826157741667,77.098,-27.643,SoMar,RuUr,NA,NA,NA
623,So-SaSp92,NA,Point,38.2285626116667,-122.826177883333,77.048,-27.643,SoMar,SaSp,NA,NA,NA
622,So-AeCa33,NA,Point,38.2285935316667,-122.826122323333,77.838,-27.643,SoMar,AeCa,NA,NA,NA
621,So-FrLa44,NA,Point,38.2286118033333,-122.826206745,77.575,-27.643,SoMar,FrLa,NA,NA,NA
620,So-BaPi13,NA,Point,38.2286270916667,-122.826156386667,77.991,-27.643,SoMar,BaPi,NA,NA,NA
619,So-QuAg41,NA,Point,38.2286932816667,-122.826147755,78.572,-27.643,SoMar,QuAg,NA,NA,NA
618,So-RuUr37,NA,Point,38.2286897916667,-122.826211536667,78.168,-27.643,SoMar,RuUr,NA,NA,NA
617,So-SaSp91,NA,Point,38.2287048966667,-122.826225821667,77.78,-27.643,SoMar,SaSp,NA,NA,NA
616,So-SaSp90,NA,Point,38.2287185766667,-122.82622808,77.937,-27.643,SoMar,SaSp,NA,NA,NA
614,So-RuUr36,NA,Point,38.2287281283333,-122.826217721667,78.212,-27.643,SoMar,RuUr,NA,NA,NA
613,So-RuUr35,NA,Point,38.2287688133333,-122.826182795,78.139,-27.643,SoMar,RuUr,NA,NA,NA
612,So-QuAg40,NA,Point,38.228766665,-122.826144183333,78.313,-27.643,SoMar,QuAg,NA,NA,NA
611,So-SaSp89,NA,Point,38.2287939083333,-122.826174223333,78.437,-27.643,SoMar,SaSp,NA,NA,NA
610,So-RuUr34,NA,Point,38.2287882166667,-122.826161861667,78.676,-27.643,SoMar,RuUr,NA,NA,NA
609,So-SaSp88,NA,Point,38.2288109616667,-122.826156371667,78.476,-27.643,SoMar,SaSp,NA,NA,NA
608,So-SaSp87,NA,Point,38.228830965,-122.826149588333,78.516,-27.643,SoMar,SaSp,NA,NA,NA
607,So-SaSp86,NA,Point,38.2288439866667,-122.82615895,78.566,-27.643,SoMar,SaSp,NA,NA,NA
606,So-RuUr33,NA,Point,38.2288353333333,-122.826145125,78.608,-27.643,SoMar,RuUr,NA,NA,NA
605,So-FrLa43,NA,Point,38.2288686333333,-122.826134876667,78.56,-27.643,SoMar,FrLa,NA,NA,NA
604,So-SyAl09,NA,Point,38.2288760483333,-122.826083433333,78.989,-27.642,SoMar,SyAl,NA,NA,NA
602,So-FrLa42,NA,Point,38.228931495,-122.826121006667,79.311,-27.642,SoMar,FrLa,NA,NA,NA
603,So-SyAl08,NA,Point,38.2289146516667,-122.826072953333,79.211,-27.642,SoMar,SyAl,NA,NA,NA
601,So-RuUr32,NA,Point,38.2289841033333,-122.826087005,79.875,-27.642,SoMar,RuUr,NA,NA,NA
600,So-FrLa41,NA,Point,38.2290235816667,-122.82607811,79.739,-27.642,SoMar,FrLa,NA,NA,NA
599,So-FrLa40,NA,Point,38.2291009083333,-122.8260526,80.319,-27.642,SoMar,FrLa,NA,NA,NA
598,So-SaNi01,NA,Point,38.2291185116667,-122.825991596667,80.996,-27.642,SoMar,SaNi,NA,NA,NA
597,So-RuUr31,NA,Point,38.229161135,-122.82597656,81.343,-27.642,SoMar,RuUr,NA,NA,NA
596,So-SaSp85,NA,Point,38.22917157,-122.82602147,80.891,-27.642,SoMar,SaSp,NA,NA,NA
595,So-SaSp84,NA,Point,38.2291815416667,-122.826002796667,80.913,-27.642,SoMar,SaSp,NA,NA,NA
594,So-SaSp83,NA,Point,38.2291883583333,-122.826005596667,80.475,-27.642,SoMar,SaSp,NA,NA,NA
593,So-FrLa39,NA,Point,38.229196695,-122.82599498,80.463,-27.642,SoMar,FrLa,NA,NA,NA
592,So-SaSp82,NA,Point,38.22926375,-122.825969463333,81.084,-27.642,SoMar,SaSp,NA,NA,NA
591,So-SaSp81,NA,Point,38.22926946,-122.825968923333,80.931,-27.642,SoMar,SaSp,NA,NA,NA
590,So-SaSp80,NA,Point,38.22929611,-122.825944956667,80.909,-27.642,SoMar,SaSp,NA,NA,NA
589,So-SaSp79,NA,Point,38.2293222833333,-122.825938268333,80.958,-27.642,SoMar,SaSp,NA,NA,NA
588,So-SeSe05,NA,Point,38.2293624866667,-122.825934213333,81.434,-27.641,SoMar,SeSe,NA,NA,NA
587,So-AeCa32,NA,Point,38.2294460216667,-122.82591774,82.053,-27.641,SoMar,AeCa,NA,NA,NA
585,So-AeCa31,NA,Point,38.2309355016667,-122.825310345,89.894,-27.638,SoMar,AeCa,NA,NA,NA
584,So-UmCa10,NA,Point,38.2308682533333,-122.825321341667,89.521,-27.638,SoMar,UmCa,NA,NA,NA
583,So-LoIn08,NA,Point,38.2308324333333,-122.825316718333,89.22,-27.638,SoMar,LoIn,NA,NA,NA
582,So-AeCa30,NA,Point,38.2307744433333,-122.825346843333,89.09,-27.639,SoMar,AeCa,NA,NA,NA
581,So-RoCa25,NA,Point,38.2307440983333,-122.825389963333,88.976,-27.639,SoMar,RoCa,NA,NA,NA
580,So-AeCa29,NA,Point,38.2307033516667,-122.825362855,88.844,-27.639,SoMar,AeCa,NA,NA,NA
579,So-AeCa28,NA,Point,38.230661355,-122.825397771667,88.868,-27.639,SoMar,AeCa,NA,NA,NA
578,So-SaSp78,NA,Point,38.23063903,-122.825430395,87.987,-27.639,SoMar,SaSp,NA,NA,NA
577,So-SaSp77,NA,Point,38.2306135333333,-122.825447878333,88.231,-27.639,SoMar,SaSp,NA,NA,NA
576,So-AeCa27,NA,Point,38.2305574633333,-122.825461101667,88.635,-27.639,SoMar,AeCa,NA,NA,NA
575,So-UmCa09,NA,Point,38.2305395133333,-122.825525513333,87.635,-27.639,SoMar,UmCa,NA,NA,NA
574,So-AeCa26,NA,Point,38.23048153,-122.825526698333,87.635,-27.639,SoMar,AeCa,NA,NA,NA
573,So-BaPi12,NA,Point,38.2304533116667,-122.825524673333,88.101,-27.639,SoMar,BaPi,NA,NA,NA
572,So-BaPi11,NA,Point,38.23045735,-122.825579763333,87.579,-27.639,SoMar,BaPi,NA,NA,NA
571,So-BaPi10,NA,Point,38.2303948766667,-122.825619963333,86.959,-27.639,SoMar,BaPi,NA,NA,NA
570,So-CrDo20,NA,Point,38.2303626783333,-122.825668773333,86.551,-27.64,SoMar,CrDo,NA,NA,NA
569,So-CrDo19,NA,Point,38.230349835,-122.825616616667,86.721,-27.64,SoMar,CrDo,NA,NA,NA
568,So-CrDo18,NA,Point,38.2303122316667,-122.825665001667,86.044,-27.64,SoMar,CrDo,NA,NA,NA
567,So-QuAg39,NA,Point,38.2302537366667,-122.825671383333,85.77,-27.64,SoMar,QuAg,NA,NA,NA
566,So-RoCa25,NA,Point,38.2301679583333,-122.825711073333,85.822,-27.64,SoMar,RoCa,NA,NA,NA
565,So-QuAg38,NA,Point,38.2301380683333,-122.82569413,86.008,-27.64,SoMar,QuAg,NA,NA,NA
564,So-BaPi09,NA,Point,38.23009116,-122.825694551667,85.608,-27.64,SoMar,BaPi,NA,NA,NA
563,So-LoIn07,NA,Point,38.23009542,-122.825748726667,84.359,-27.64,SoMar,LoIn,NA,NA,NA
561,So-FrLa38,NA,Point,38.2300653133333,-122.825739078333,84.531,-27.64,SoMar,FrLa,NA,NA,NA
560,So-BaPi08,NA,Point,38.2300325316667,-122.825701713333,85.633,-27.64,SoMar,BaPi,NA,NA,NA
559,So-SaSp76,NA,Point,38.2299913833333,-122.825747925,85.035,-27.64,SoMar,SaSp,NA,NA,NA
558,So-SaSp75,NA,Point,38.2299839283333,-122.825753433333,85.149,-27.64,SoMar,SaSp,NA,NA,NA
557,So-SaSp74,NA,Point,38.2299717066667,-122.825771473333,85.055,-27.64,SoMar,SaSp,NA,NA,NA
556,So-FrLa37,NA,Point,38.2299348566667,-122.825819598333,84.742,-27.64,SoMar,FrLa,NA,NA,NA
555,So-CrDo17,NA,Point,38.22988991,-122.825831333333,84.843,-27.641,SoMar,CrDo,NA,NA,NA
554,So-CrDo16,NA,Point,38.22983261,-122.8258359,84.762,-27.641,SoMar,CrDo,NA,NA,NA
553,So-ScCa01,NA,Point,38.2297788016667,-122.825863276667,84.752,-27.641,SoMar,ScCa,NA,NA,NA
552,So-RoCa24,NA,Point,38.2297480516667,-122.825911648333,84.078,-27.641,SoMar,RoCa,NA,NA,NA
551,So-RoCa23,NA,Point,38.229722445,-122.82589621,84.294,-27.641,SoMar,RoCa,NA,NA,NA
549,So-AeCa24,NA,Point,38.2296168533333,-122.825921386667,83.03,-27.641,SoMar,AeCa,NA,NA,NA
550,So-AeCa25,NA,Point,38.2296887516667,-122.8258955,83.926,-27.641,SoMar,AeCa,NA,NA,NA
548,So-SeSe04,NA,Point,38.22956082,-122.825925981667,82.727,-27.641,SoMar,SeSe,NA,NA,NA
547,So-AeCa23,NA,Point,38.2295415116667,-122.82589463,83.351,-27.641,SoMar,AeCa,NA,NA,NA
546,So-2a-left,NA,Point,38.2294620883333,-122.825890441667,83.103,-27.641,SoMar,2a-l,NA,NA,NA
545,So-2a-right,NA,Point,38.229497903333296,-122.826051571667,83.168,-27.641,SoMar,2a-r,NA,NA,NA
544,So-FrLa36,NA,Point,38.2296043066667,-122.826014148333,82.934,-27.641,SoMar,FrLa,NA,NA,NA
543,So-FrLa35,NA,Point,38.2296851633333,-122.825991338333,83.073,-27.641,SoMar,FrLa,NA,NA,NA
542,So-RoCa22,NA,Point,38.22977948,-122.82595648,83.052,-27.641,SoMar,RoCa,NA,NA,NA
541,So-RoCa21,NA,Point,38.2299359816667,-122.825892286667,83.703,-27.64,SoMar,RoCa,NA,NA,NA
540,So-RoCa20,NA,Point,38.2299638733333,-122.825857933333,83.993,-27.64,SoMar,RoCa,NA,NA,NA
539,So-FrLa34,NA,Point,38.2300030433333,-122.825837411667,84.306,-27.64,SoMar,FrLa,NA,NA,NA
538,So-LoIn06,NA,Point,38.2300460333333,-122.825815558333,84.344,-27.64,SoMar,LoIn,NA,NA,NA
537,So-BaPi07,NA,Point,38.2302312116667,-122.825830905,85.393,-27.64,SoMar,BaPi,NA,NA,NA
536,So-BaPi06,NA,Point,38.2302782366667,-122.825818995,86.114,-27.64,SoMar,BaPi,NA,NA,NA
535,So-BaPi05,NA,Point,38.2303156183333,-122.825800788333,85.293,-27.64,SoMar,BaPi,NA,NA,NA
534,So-SyAl07,NA,Point,38.2303905366667,-122.825777373333,85.865,-27.64,SoMar,SyAl,NA,NA,NA
533,So-SyAl06,NA,Point,38.2304093266667,-122.825738385,86.357,-27.64,SoMar,SyAl,NA,NA,NA
532,So-CeTh07,NA,Point,38.230481795,-122.825696521667,86.673,-27.639,SoMar,CeTh,NA,NA,NA
531,So-CeTh06,NA,Point,38.2305183166667,-122.825683876667,87.207,-27.639,SoMar,CeTh,NA,NA,NA
530,So-CeTh05,NA,Point,38.23057463,-122.825639686667,88.068,-27.639,SoMar,CeTh,NA,NA,NA
529,So-CeTh04,NA,Point,38.23076307,-122.825512083333,89.695,-27.639,SoMar,CeTh,NA,NA,NA
528,So-CeTh03,NA,Point,38.2308323833333,-122.82547468,89.643,-27.639,SoMar,CeTh,NA,NA,NA
527,So-CeTh02,NA,Point,38.2308600016667,-122.825465295,89.99,-27.639,SoMar,CeTh,NA,NA,NA
526,So-BaPi04,NA,Point,38.231002995,-122.825357883333,90.715,-27.638,SoMar,BaPi,NA,NA,NA
525,So-BaPi03,NA,Point,38.2310340033333,-122.825324255,90.56,-27.638,SoMar,BaPi,NA,NA,NA
524,So-CrDo15,NA,Point,38.2310345283333,-122.825243628333,90.268,-27.638,SoMar,CrDo,NA,NA,NA
523,So-CrDo14,NA,Point,38.231076545,-122.825183913333,90.368,-27.638,SoMar,CrDo,NA,NA,NA
522,So-CeTh01,NA,Point,38.2311234766667,-122.825328938333,90.484,-27.638,SoMar,CeTh,NA,NA,NA
521,So-BaPi02,NA,Point,38.231247955,-122.825276195,91.52,-27.638,SoMar,BaPi,NA,NA,NA
520,So-BaPi01,NA,Point,38.2312747333333,-122.825247728333,91.404,-27.638,SoMar,BaPi,NA,NA,NA
519,So-PoFr01,NA,Point,38.231422525,-122.825205283333,92.04,-27.637,SoMar,PoFr,NA,NA,NA
518,So-CrDo13,NA,Point,38.231411105,-122.825146243333,92.382,-27.637,SoMar,CrDo,NA,NA,NA
517,So-CrDo12,NA,Point,38.2314514633333,-122.825125885,92.685,-27.637,SoMar,CrDo,NA,NA,NA
516,So-CrDo11,NA,Point,38.2314843383333,-122.82514326,92.646,-27.637,SoMar,CrDo,NA,NA,NA
515,So-CrDo10,NA,Point,38.231566865,-122.825126418333,92.85,-27.637,SoMar,CrDo,NA,NA,NA
120,So-QuAg22,NA,Point,38.2269633233333,-122.826963,71.535,-27.647,SoMar,QuAg,NA,NA,NA
119,So-SaEx03,NA,Point,38.2269633233333,-122.826963,71.535,-27.647,SoMar,SaEx,NA,NA,NA
118,So-SaEx02,NA,Point,38.2269633233333,-122.826963,71.535,-27.647,SoMar,SaEx,NA,NA,NA
117,So-SaEx01,NA,Point,38.2269633233333,-122.826963,71.535,-27.647,SoMar,SaEx,NA,NA,NA
116,So-CoSe05,NA,Point,38.2272378183333,-122.826929973333,72.21,-27.646,SoMar,CoSe,NA,NA,NA
115,So-CoSe04,NA,Point,38.2272585916667,-122.826942691667,72.025,-27.646,SoMar,CoSe,NA,NA,NA
114,So-SaSp11,NA,Point,38.227342095,-122.826982345,72.76,-27.646,SoMar,SaSp,NA,NA,NA
113,So-SaSp10,NA,Point,38.2273743233333,-122.82698856,72.612,-27.646,SoMar,SaSp,NA,NA,NA
112,So-SaSp09,NA,Point,38.2273875483333,-122.826985863333,73.049,-27.646,SoMar,SaSp,NA,NA,NA
111,So-SaSp08,NA,Point,38.2274152433333,-122.826974448333,73.055,-27.646,SoMar,SaSp,NA,NA,NA
110,So-QuAg21,NA,Point,38.22744174,-122.826998671667,73.7,-27.646,SoMar,QuAg,NA,NA,NA
109,So-QuAg20,NA,Point,38.2275412533333,-122.826954428333,73.23,-27.646,SoMar,QuAg,NA,NA,NA
108,So-CoSe03,NA,Point,38.22761877,-122.826885766667,72.35,-27.645,SoMar,CoSe,NA,NA,NA
107,So-CoSe02,NA,Point,38.227628315,-122.826880315,72.59,-27.645,SoMar,CoSe,NA,NA,NA
106,So-CoSe01,NA,Point,38.2276353683333,-122.826875375,72.769,-27.645,SoMar,CoSe,NA,NA,NA
105,So-QuAg19,NA,Point,38.2278319383333,-122.826780273333,74.846,-27.645,SoMar,QuAg,NA,NA,NA
104,So-QuAg18,NA,Point,38.2278860716667,-122.826729431667,75.234,-27.645,SoMar,QuAg,NA,NA,NA
103,So-QuAg17,NA,Point,38.2279075,-122.826682261667,75.063,-27.645,SoMar,QuAg,NA,NA,NA
102,So-SaSp07,NA,Point,38.2279629733333,-122.826589186667,74.117,-27.645,SoMar,SaSp,NA,NA,NA
101,So-SaSp06,NA,Point,38.227979155,-122.82657669,74.104,-27.644,SoMar,SaSp,NA,NA,NA
100,So-SaSp05,NA,Point,38.2279936366667,-122.826558836667,74.567,-27.644,SoMar,SaSp,NA,NA,NA
99,So-QuAg16,NA,Point,38.2280577216667,-122.826536916667,75.427,-27.644,SoMar,QuAg,NA,NA,NA
98,So-QuAg15,NA,Point,38.2281051733333,-122.826468498333,75.609,-27.644,SoMar,QuAg,NA,NA,NA
97,So-QuAg14,NA,Point,38.228494735,-122.8263432,79.037,-27.643,SoMar,QuAg,NA,NA,NA
96,So-QuAg13,NA,Point,38.228564195,-122.826300958333,78.469,-27.643,SoMar,QuAg,NA,NA,NA
95,So-QuAg12,NA,Point,38.22860255,-122.826343871667,78.276,-27.643,SoMar,QuAg,NA,NA,NA
94,So-QuAg11,NA,Point,38.228809545,-122.826285476667,78.759,-27.643,SoMar,QuAg,NA,NA,NA
93,So-SaSp04,NA,Point,38.2289166033333,-122.826187648333,78.783,-27.643,SoMar,SaSp,NA,NA,NA
92,So-SaSp03,NA,Point,38.2289461816667,-122.826187931667,79.144,-27.642,SoMar,SaSp,NA,NA,NA
91,So-QuAg10,NA,Point,38.2291845766667,-122.826118381667,80.247,-27.642,SoMar,QuAg,NA,NA,NA
90,So-QuAg09,NA,Point,38.22928344,-122.82606631,80.891,-27.642,SoMar,QuAg,NA,NA,NA
89,So-QuAg08,NA,Point,38.229399325,-122.826042428333,81.337,-27.642,SoMar,QuAg,NA,NA,NA
88,So-QuAg07,NA,Point,38.229869615,-122.825968871667,83.588,-27.641,SoMar,QuAg,NA,NA,NA
87,So-QuAg06,NA,Point,38.2299702266667,-122.825935188333,83.443,-27.64,SoMar,QuAg,NA,NA,NA
86,So-QuAg05,NA,Point,38.230081295,-122.825860066667,84.138,-27.64,SoMar,QuAg,NA,NA,NA
85,So-QuAg04,NA,Point,38.2301934383333,-122.825853628333,84.565,-27.64,SoMar,QuAg,NA,NA,NA
84,So-SaSp02,NA,Point,38.2302816616667,-122.825779125,84.311,-27.64,SoMar,SaSp,NA,NA,NA
83,So-SaSp01,NA,Point,38.23031522,-122.825773475,84.88,-27.64,SoMar,SaSp,NA,NA,NA
82,So-QuAg03,NA,Point,38.2304508883333,-122.825720983333,86.463,-27.639,SoMar,QuAg,NA,NA,NA
81,So-QuAg02,NA,Point,38.2305441483333,-122.825684566667,86.506,-27.639,SoMar,QuAg,NA,NA,NA
80,So-QuAg01,NA,Point,38.2306311733333,-122.825614005,87.466,-27.639,SoMar,QuAg,NA,NA,NA
79,So-UmCa03,NA,Point,38.2307056166667,-122.825574528333,89.142,-27.639,SoMar,UmCa,NA,NA,NA
78,So-UmCa02,NA,Point,38.2307334916667,-122.825518683333,89.291,-27.639,SoMar,UmCa,NA,NA,NA
77,So-UmCa01,NA,Point,38.230791455,-122.825492146667,90.16,-27.639,SoMar,UmCa,NA,NA,NA
343,So-RuUr30-1/24,NA,Point,38.2268501566667,-122.827022045,72.197,-27.647,SoMar,RuUr,2024-01-24,Staff,Adult
342,So-RuUr29-1/24,NA,Point,38.22686507,-122.827014963333,71.882,-27.647,SoMar,RuUr,2024-01-24,Staff,Adult
341,So-FrLa33-1/24,NA,Point,38.2284307633333,-122.826303248333,77.21,-27.643,SoMar,FrLa,2024-01-24,Staff,Adult
340,So-SyAl05-1/24,NA,Point,38.2283546683333,-122.82630106,77.592,-27.644,SoMar,SyAl,2024-01-24,Staff,Adult
339,So-FrLa32-1/24,NA,Point,38.228323045,-122.826302101667,77.084,-27.644,SoMar,FrLa,2024-01-24,Staff,Adult
338,So-RoCa19-1/24,NA,Point,38.2282887916667,-122.826301928333,76.888,-27.644,SoMar,RoCa,2024-01-24,Staff,Adult
337,So-SyAl04-1/24,NA,Point,38.2283079683333,-122.826330748333,77.302,-27.644,SoMar,SyAl,2024-01-24,Staff,Adult
336,So-RoCa18-1/24,NA,Point,38.228246495,-122.826320385,76.781,-27.644,SoMar,RoCa,2024-01-24,Staff,Adult
335,So-FrLa31-1/24,NA,Point,38.2282122816667,-122.826326758333,76.404,-27.644,SoMar,FrLa,2024-01-24,Staff,Adult
334,So-LoIn05-1/24,NA,Point,38.228182685,-122.826334225,76.022,-27.644,SoMar,LoIn,2024-01-24,Staff,Adult
333,So-SyAl03-1/24,NA,Point,38.2281763983333,-122.826373615,76.668,-27.644,SoMar,SyAl,2024-01-24,Staff,Adult
332,So-FrLa30-1/24,NA,Point,38.2280993316667,-122.826403793333,75.546,-27.644,SoMar,FrLa,2024-01-24,Staff,Adult
331,So-LoIn04-1/24,NA,Point,38.2280694666667,-122.82645542,75.312,-27.644,SoMar,LoIn,2024-01-24,Staff,Adult
330,So-LoIn03-1/24,NA,Point,38.2280474683333,-122.826481508333,75.444,-27.644,SoMar,LoIn,2024-01-24,Staff,Adult
329,So-AeCa22,NA,Point,38.2283796133333,-122.826159791667,78.055,-27.643,SoMar,AeCa,NA,NA,NA
328,So-AeCa21,NA,Point,38.228321695,-122.826202415,77.654,-27.644,SoMar,AeCa,NA,NA,NA
327,So-SaSp73,NA,Point,38.2282820466667,-122.826241215,76.641,-27.644,SoMar,SaSp,NA,NA,NA
326,So-SaSp72,NA,Point,38.22826729,-122.826241263333,76.665,-27.644,SoMar,SaSp,NA,NA,NA
325,So-SaSp71,NA,Point,38.2282427066667,-122.826242921667,76.413,-27.644,SoMar,SaSp,NA,NA,NA
324,So-FrCa06-1/24,NA,Point,38.228252705,-122.826192075,77.468,-27.644,SoMar,FrCa,2024-01-24,Staff,Adult
323,So-FrLa29-1/24,NA,Point,38.228206755,-122.826190783333,77.313,-27.644,SoMar,FrLa,2024-01-24,Staff,Adult
322,So-SaSp70,NA,Point,38.2281960833333,-122.82624721,75.822,-27.644,SoMar,SaSp,NA,NA,NA
321,So-SaSp69,NA,Point,38.2281845566667,-122.826258621667,75.737,-27.644,SoMar,SaSp,NA,NA,NA
320,So-FrCa05-1/24,NA,Point,38.22817898,-122.826218371667,76.998,-27.644,SoMar,FrCa,2024-01-24,Staff,Adult
319,So-SaSp68,NA,Point,38.2281354633333,-122.826285016667,75.837,-27.644,SoMar,SaSp,NA,NA,NA
318,So-CoSe16,NA,Point,38.2281297066667,-122.826304611667,75.551,-27.644,SoMar,CoSe,NA,NA,NA
316,So-CoSe15,NA,Point,38.2281211616667,-122.82631305,75.408,-27.644,SoMar,CoSe,NA,NA,NA
315,So-SaSp67,NA,Point,38.2280911383333,-122.826322625,75.948,-27.644,SoMar,SaSp,NA,NA,NA
314,So-RoCa17-1/24,NA,Point,38.2280579283333,-122.826315993333,76.526,-27.644,SoMar,RoCa,2024-01-24,Staff,Adult
313,So-RoCa16-1/24,NA,Point,38.22804518,-122.82634063,76.234,-27.644,SoMar,RoCa,2024-01-24,Staff,Adult
312,So-CoSe14,NA,Point,38.2280146916667,-122.82641799,74.73,-27.644,SoMar,CoSe,NA,NA,NA
311,So-CoSe13,NA,Point,38.2280082716667,-122.826434393333,74.787,-27.644,SoMar,CoSe,NA,NA,NA
310,So-SyAl02-1/24,NA,Point,38.2279795666667,-122.826400786667,76.248,-27.644,SoMar,SyAl,2024-01-24,Staff,Adult
309,So-SyAl01-1/24,NA,Point,38.2279302916667,-122.8264452,76.15,-27.644,SoMar,SyAl,2024-01-24,Staff,Adult
308,So-FrLa28-1/24,NA,Point,38.22797068,-122.826468365,75.501,-27.644,SoMar,FrLa,2024-01-24,Staff,Adult
307,So-RuUr28-1/24,NA,Point,38.227982415,-122.826555818333,75.238,-27.644,SoMar,RuUr,2024-01-24,Staff,Adult
306,So-RuUr27-1/24,NA,Point,38.2279680166667,-122.826577395,75.019,-27.644,SoMar,RuUr,2024-01-24,Staff,Adult
305,So-FrLa27-1/24,NA,Point,38.227932565,-122.826504866667,74.583,-27.644,SoMar,FrLa,2024-01-24,Staff,Adult
304,So-RoCa15-1/24,NA,Point,38.22788882,-122.826502825,75.637,-27.645,SoMar,RoCa,2024-01-24,Staff,Adult
303,So-FrLa26-1/24,NA,Point,38.2278931833333,-122.826552258333,75.196,-27.645,SoMar,FrLa,2024-01-24,Staff,Adult
302,So-RoCa14-1/24,NA,Point,38.2278625366667,-122.826526815,75.793,-27.645,SoMar,RoCa,2024-01-24,Staff,Adult
301,So-RoCa13-1/24,NA,Point,38.2278513233333,-122.826560218333,75.641,-27.645,SoMar,RoCa,2024-01-24,Staff,Adult
300,So-SaSp66,NA,Point,38.2278470866667,-122.826595595,75.065,-27.645,SoMar,SaSp,NA,NA,NA
299,So-SaSp65,NA,Point,38.22783304,-122.82660725,74.67,-27.645,SoMar,SaSp,NA,NA,NA
298,So-SaSp64,NA,Point,38.22782505,-122.826630793333,74.564,-27.645,SoMar,SaSp,NA,NA,NA
297,So-RuUr26-1/24,NA,Point,38.2278241066667,-122.826621335,74.752,-27.645,SoMar,RuUr,2024-01-24,Staff,Adult
296,So-AeCa20,NA,Point,38.2277239033333,-122.826691763333,74.254,-27.645,SoMar,AeCa,NA,NA,NA
295,So-AeCa18,NA,Point,38.227664605,-122.826751925,74.371,-27.645,SoMar,AeCa,NA,NA,NA
294,So-AeCa17,NA,Point,38.2275922283333,-122.826779523333,74.651,-27.645,SoMar,AeCa,NA,NA,NA
293,So-LoIn02-1/24,NA,Point,38.2275909916667,-122.826824706667,74.245,-27.645,SoMar,LoIn,2024-01-24,Staff,Adult
292,So-FrLa25-1/18,NA,Point,38.2271882866667,-122.826927176667,72.862,-27.646,SoMar,FrLa,2024-01-18,Petaluma Jr. High,7
291,So-FrLa24-1/18,NA,Point,38.2272165933333,-122.826985406667,73.103,-27.646,SoMar,FrLa,2024-01-18,Petaluma Jr. High,7
290,So-FrLa23-1/18,NA,Point,38.2272918333333,-122.826965141667,73.292,-27.646,SoMar,FrLa,2024-01-18,Petaluma Jr. High,7
289,So-RuUr25-1/18,NA,Point,38.2273480116667,-122.826980903333,73.711,-27.646,SoMar,RuUr,2024-01-18,Petaluma Jr. High,7
288,So-RuUr24-1/18,NA,Point,38.2273595583333,-122.826979601667,73.338,-27.646,SoMar,RuUr,2024-01-18,Petaluma Jr. High,7
287,So-RuUr23-1/18,NA,Point,38.2273898833333,-122.826980955,73.406,-27.646,SoMar,RuUr,2024-01-18,Petaluma Jr. High,7
286,So-RuUr22-1/18,NA,Point,38.2274179933333,-122.82698228,73.432,-27.646,SoMar,RuUr,2024-01-18,Petaluma Jr. High,7
285,So-LoIn01-1/24,NA,Point,38.2275582416667,-122.826833428333,73.474,-27.645,SoMar,LoIn,2024-01-24,Staff,Adult
284,So-CoSe12,NA,Point,38.227476665,-122.82690687,72.87,-27.646,SoMar,CoSe,NA,NA,NA
283,So-CoSe11,NA,Point,38.2274619583333,-122.82691342,72.928,-27.646,SoMar,CoSe,NA,NA,NA
282,So-QuAg38,NA,Point,38.2274317016667,-122.826848768333,73.425,-27.646,SoMar,QuAg,NA,NA,NA
281,So-FrLa22-1/18,NA,Point,38.2273513733333,-122.826905661667,72.834,-27.646,SoMar,FrLa,2024-01-18,Petaluma Jr. High,7
276,So-FrLa21-1/18,NA,Point,38.2271890516667,-122.826842301667,72.46,-27.646,SoMar,FrLa,2024-01-18,Petaluma Jr. High,7
275,So-FrLa20-1/18,NA,Point,38.227004185,-122.826904598333,71.544,-27.646,SoMar,FrLa,2024-01-18,Petaluma Jr. High,7
274,So-FrLa19-1/18,NA,Point,38.2269055833333,-122.826935216667,71.477,-27.647,SoMar,FrLa,2024-01-18,Petaluma Jr. High,7
273,So-QuAg37,NA,Point,38.22680509,-122.826940873333,71.464,-27.647,SoMar,QuAg,NA,NA,NA
272,So-FrLa18-1/18,NA,Point,38.22675859,-122.826991661667,71.231,-27.647,SoMar,FrLa,2024-01-18,Petaluma Jr. High,7
271,So-RoCa12-1/18,NA,Point,38.2267021783333,-122.826986915,71.348,-27.647,SoMar,RoCa,2024-01-18,Petaluma Jr. High,7
270,So-RoCa11-1/18,NA,Point,38.2266705183333,-122.82700362,71.414,-27.647,SoMar,RoCa,2024-01-18,Petaluma Jr. High,7
269,So-SaSp63,NA,Point,38.2266245666667,-122.82703779,71.662,-27.647,SoMar,SaSp,NA,NA,NA
268,So-SaSp62,NA,Point,38.2266139866667,-122.827043805,71.83,-27.647,SoMar,SaSp,NA,NA,NA
267,So-FrLa17-1/18,NA,Point,38.22654549,-122.827069625,70.293,-27.647,SoMar,FrLa,2024-01-18,Petaluma Jr. High,7
266,So-FrLa16-1/18,NA,Point,38.2264588266667,-122.827088963333,69.772,-27.648,SoMar,FrLa,2024-01-18,Petaluma Jr. High,7
265,So-SaSp61,NA,Point,38.2264070233333,-122.827128286667,69.87,-27.648,SoMar,SaSp,NA,NA,NA
264,So-SaSp60,NA,Point,38.2263893,-122.82712468,70.088,-27.648,SoMar,SaSp,NA,NA,NA
263,So-SaSp59,NA,Point,38.22637109,-122.827139861667,69.515,-27.648,SoMar,SaSp,NA,NA,NA
262,So-FrCa04-1/18,NA,Point,38.2263369766667,-122.827139425,69.919,-27.648,SoMar,FrCa,2024-01-18,Petaluma Jr. High,7
261,So-SaSp58,NA,Point,38.22628746,-122.827184935,69.962,-27.648,SoMar,SaSp,NA,NA,NA
260,So-SaSp57,NA,Point,38.2262787816667,-122.827191936667,70.075,-27.648,SoMar,SaSp,NA,NA,NA
259,So-RuUr21-1/18,NA,Point,38.226272925,-122.827191026667,70.327,-27.648,SoMar,RuUr,2024-01-18,Petaluma Jr. High,7
258,So-SaSp56,NA,Point,38.2262693666667,-122.82720345,70.336,-27.648,SoMar,SaSp,NA,NA,NA
257,So-SaSp55,NA,Point,38.22625931,-122.827210578333,70.333,-27.648,SoMar,SaSp,NA,NA,NA
256,So-SaSp54,NA,Point,38.226249165,-122.827223823333,70.18,-27.648,SoMar,SaSp,NA,NA,NA
255,So-SaSp53,NA,Point,38.2262494316667,-122.827239301667,70.308,-27.648,SoMar,SaSp,NA,NA,NA
254,So-RuUr20-1/18,NA,Point,38.2262472866667,-122.82720638,71.206,-27.648,SoMar,RuUr,2024-01-18,Petaluma Jr. High,7
253,So-AeCa16,NA,Point,38.2262253133333,-122.827188576667,70.516,-27.648,SoMar,AeCa,NA,NA,NA
252,So-AeCa15,NA,Point,38.2261867833333,-122.827264248333,69.799,-27.648,SoMar,AeCa,NA,NA,NA
251,So-AeCa14,NA,Point,38.2261419866667,-122.827232856667,70.069,-27.648,SoMar,AeCa,NA,NA,NA
250,So-AeCa13,NA,Point,38.2260896266667,-122.827277441667,70.233,-27.648,SoMar,AeCa,NA,NA,NA
249,So-SaSp52,NA,Point,38.22608688,-122.82732973,69.623,-27.648,SoMar,SaSp,NA,NA,NA
248,So-SaSp51,NA,Point,38.2260318266667,-122.827339548333,69.977,-27.649,SoMar,SaSp,NA,NA,NA
247,So-RuUr19-1/18,NA,Point,38.22603204,-122.827348161667,69.634,-27.649,SoMar,RuUr,2024-01-18,Petaluma Jr. High,7
246,So-SaSp50,NA,Point,38.2260321433333,-122.827359006667,69.64,-27.649,SoMar,SaSp,NA,NA,NA
245,So-RuUr18-1/18,NA,Point,38.226019425,-122.827374266667,70.614,-27.649,SoMar,RuUr,2024-01-18,Petaluma Jr. High,7
244,So-SaSp49,NA,Point,38.226026835,-122.827378193333,70.637,-27.649,SoMar,SaSp,NA,NA,NA
243,So-SaSp48,NA,Point,38.2260158,-122.827396353333,69.413,-27.649,SoMar,SaSp,NA,NA,NA
241,So-FrLa15-1/18,NA,Point,38.2259615616667,-122.827419828333,69.765,-27.649,SoMar,FrLa,2024-01-18,Petaluma Jr. High,7
240,So-RuUr17-1/18,NA,Point,38.2259768266667,-122.827080295,71.374,-27.648,SoMar,RuUr,2024-01-18,Petaluma Jr. High,7
239,So-QuAg36,NA,Point,38.226012345,-122.82707538,72.03,-27.648,SoMar,QuAg,NA,NA,NA
238,So-QuAg35,NA,Point,38.2260140866667,-122.826995681667,72.474,-27.648,SoMar,QuAg,NA,NA,NA
237,So-RoCa10-1/18,NA,Point,38.2259693616667,-122.827006641667,72.176,-27.648,SoMar,RoCa,2024-01-18,Petaluma Jr. High,7
236,So-AeCa12,NA,Point,38.2259612416667,-122.826966861667,72.288,-27.648,SoMar,AeCa,NA,NA,NA
235,So-RoCa09-1/18,NA,Point,38.225929685,-122.8269509,72.428,-27.648,SoMar,RoCa,2024-01-18,Petaluma Jr. High,7
234,So-AeCa11,NA,Point,38.2259740266667,-122.826906661667,72.81,-27.648,SoMar,AeCa,NA,NA,NA
233,So-AeCa10,NA,Point,38.225931315,-122.826900068333,72.835,-27.648,SoMar,AeCa,NA,NA,NA
232,So-AeCa09,NA,Point,38.22595838,-122.826841245,72.823,-27.648,SoMar,AeCa,NA,NA,NA
231,So-RoCa08-1/18,NA,Point,38.225919285,-122.826841308333,73.73,-27.648,SoMar,RoCa,2024-01-18,Petaluma Jr. High,7
230,So-AeCa08,NA,Point,38.2259289483333,-122.826800468333,74.08,-27.648,SoMar,AeCa,NA,NA,NA
229,So-QuAg34,NA,Point,38.2259343933333,-122.826718026667,74.909,-27.648,SoMar,QuAg,NA,NA,NA
228,So-RoCa07-1/18,NA,Point,38.2259075016667,-122.826756458333,74.494,-27.648,SoMar,RoCa,2024-01-18,Petaluma Jr. High,7
227,So-QuAg33,NA,Point,38.2258811066667,-122.826662496667,74.988,-27.648,SoMar,QuAg,NA,NA,NA
226,So-RoCa06-1/18,NA,Point,38.2258773283333,-122.826615188333,75.459,-27.648,SoMar,RoCa,2024-01-18,Petaluma Jr. High,7
225,So-RuUr16-1/18,NA,Point,38.2258420383333,-122.826637435,74.058,-27.648,SoMar,RuUr,2024-01-18,Petaluma Jr. High,7
224,So-RuUr15-1/18,NA,Point,38.2258373583333,-122.826619068333,74.628,-27.648,SoMar,RuUr,2024-01-18,Petaluma Jr. High,7
223,So-SaSp47,NA,Point,38.2258426383333,-122.826618938333,74.763,-27.648,SoMar,SaSp,NA,NA,NA
222,So-SaSp46,NA,Point,38.225836765,-122.826610218333,74.768,-27.648,SoMar,SaSp,NA,NA,NA
221,So-RuUr14-1/18,NA,Point,38.2258415683333,-122.826565473333,75.403,-27.648,SoMar,RuUr,2024-01-18,Petaluma Jr. High,7
220,So-RuUr13-1/18,NA,Point,38.2258371816667,-122.826544916667,75.086,-27.648,SoMar,RuUr,2024-01-18,Petaluma Jr. High,7
219,So-SaSp45,NA,Point,38.2258308433333,-122.826530795,75.344,-27.648,SoMar,SaSp,NA,NA,NA
218,So-SaSp44,NA,Point,38.2258232033333,-122.826529553333,75.499,-27.648,SoMar,SaSp,NA,NA,NA
217,So-RuUr12-1/18,NA,Point,38.2257833716667,-122.826452611667,75.48,-27.648,SoMar,RuUr,2024-01-18,Petaluma Jr. High,7
216,So-RuUr11-1/18,NA,Point,38.225771795,-122.82643428,75.606,-27.648,SoMar,RuUr,2024-01-18,Petaluma Jr. High,7
215,So-SaSp43,NA,Point,38.2257733033333,-122.826423486667,75.741,-27.648,SoMar,SaSp,NA,NA,NA
214,So-SaSp42,NA,Point,38.22576486,-122.82641189,76.334,-27.648,SoMar,SaSp,NA,NA,NA
213,So-RoCa05-1/18,NA,Point,38.2257848216667,-122.826393705,76.861,-27.648,SoMar,RoCa,2024-01-18,Petaluma Jr. High,7
212,So-UmCa10,NA,Point,38.225809825,-122.826421845,76.819,-27.648,SoMar,UmCa,NA,NA,NA
211,So-UmCa09,NA,Point,38.2258118483333,-122.826353363333,77.325,-27.648,SoMar,UmCa,NA,NA,NA
210,So-UmCa08,NA,Point,38.225770345,-122.826324691667,77.451,-27.648,SoMar,UmCa,NA,NA,NA
209,So-RoCa04-1/18,NA,Point,38.2257654316667,-122.826370146667,76.558,-27.648,SoMar,RoCa,2024-01-18,Petaluma Jr. High,7
208,So-RuUr10-1/18,NA,Point,38.22574575,-122.826362286667,76.4,-27.648,SoMar,RuUr,2024-01-18,Petaluma Jr. High,7
207,So-SaSp41,NA,Point,38.2257476883333,-122.826347895,76.581,-27.648,SoMar,SaSp,NA,NA,NA
206,So-RuUr09-1/18,NA,Point,38.225727905,-122.82632146,75.964,-27.648,SoMar,RuUr,2024-01-18,Petaluma Jr. High,7
205,So-SaSp40,NA,Point,38.2257266183333,-122.826314268333,76.245,-27.648,SoMar,SaSp,NA,NA,NA
204,So-RuUr08-1/18,NA,Point,38.2257101716667,-122.826277311667,76.393,-27.648,SoMar,RuUr,2024-01-18,Petaluma Jr. High,7
203,So-SaSp39,NA,Point,38.22571181,-122.826251145,76.937,-27.648,SoMar,SaSp,NA,NA,NA
202,So-RuUr07-1/18,NA,Point,38.2257083016667,-122.826247376667,76.698,-27.648,SoMar,RuUr,2024-01-18,Petaluma Jr. High,7
201,So-UmCa06,NA,Point,38.22574874,-122.82626486,77.693,-27.648,SoMar,UmCa,NA,NA,NA
200,So-UmCa05,NA,Point,38.2257905483333,-122.82625043,77.8,-27.648,SoMar,UmCa,NA,NA,NA
199,So-UmCa04,NA,Point,38.2257543016667,-122.826201686667,78.098,-27.648,SoMar,UmCa,NA,NA,NA
198,So-AeCa07,NA,Point,38.225734595,-122.826080881667,79.162,-27.648,SoMar,AeCa,NA,NA,NA
197,So-SaSp38,NA,Point,38.2256825483333,-122.826046838333,79.484,-27.648,SoMar,SaSp,NA,NA,NA
196,So-RoCa03-1/18,NA,Point,38.2257002483333,-122.826009803333,79.749,-27.648,SoMar,RoCa,2024-01-18,Petaluma Jr. High,7
195,So-AeCa06,NA,Point,38.2256972916667,-122.825971538333,80.233,-27.648,SoMar,AeCa,NA,NA,NA
194,So-RoCa02-1/18,NA,Point,38.2256267183333,-122.825997698333,80.444,-27.648,SoMar,RoCa,2024-01-18,Petaluma Jr. High,7
193,So-AeCa05,NA,Point,38.22563953,-122.826088455,79.616,-27.648,SoMar,AeCa,NA,NA,NA
192,So-RoCa01-1/18,NA,Point,38.2256654266667,-122.826135235,78.225,-27.648,SoMar,RoCa,2024-01-18,Petaluma Jr. High,7
191,So-RuUr06-1/18,NA,Point,38.22588183,-122.826929033333,72.119,-27.648,SoMar,RuUr,2024-01-18,Petaluma Jr. High,7
190,So-SaSp37,NA,Point,38.2258792383333,-122.826939735,72.25,-27.648,SoMar,SaSp,NA,NA,NA
189,So-RuUr05-1/18,NA,Point,38.22589126,-122.826958668333,72.266,-27.648,SoMar,RuUr,2024-01-18,Petaluma Jr. High,7
188,So-SaSp36,NA,Point,38.2259133466667,-122.827002225,72.35,-27.648,SoMar,SaSp,NA,NA,NA
187,So-RuUr04-1/18,NA,Point,38.225913975,-122.827013718333,71.75,-27.648,SoMar,RuUr,2024-01-18,Petaluma Jr. High,7
186,So-SaSp35,NA,Point,38.2259429183333,-122.82706423,71.122,-27.648,SoMar,SaSp,NA,NA,NA
185,So-RuUr03-1/18,NA,Point,38.2259406833333,-122.82707642,71.497,-27.648,SoMar,RuUr,2024-01-18,Petaluma Jr. High,7
184,So-SeSe03-1/17,NA,Point,38.225910735,-122.827082163333,71.683,-27.648,SoMar,SeSe,2024-01-17,Petaluma Jr. High,7
183,So-SeSe02-1/17,NA,Point,38.22594272,-122.827162191667,71.334,-27.648,SoMar,SeSe,2024-01-17,Petaluma Jr. High,7
182,So-SeSe01-1/17,NA,Point,38.225904785,-122.827207516667,70.958,-27.649,SoMar,SeSe,2024-01-17,Petaluma Jr. High,7
181,So-QuAg32,NA,Point,38.22580737,-122.827476718333,69.831,-27.649,SoMar,QuAg,NA,NA,NA
180,So-QuAg31,NA,Point,38.2258592016667,-122.82744138,70.233,-27.649,SoMar,QuAg,NA,NA,NA
179,So-QuAg30,NA,Point,38.2258319616667,-122.827593083333,70.055,-27.649,SoMar,QuAg,NA,NA,NA
178,So-FrLa14-1/18,NA,Point,38.2259024033333,-122.827532381667,69.794,-27.649,SoMar,FrLa,2024-01-18,Petaluma Jr. High,7
177,So-SaSp34,NA,Point,38.2260318033333,-122.827449411667,69.792,-27.649,SoMar,SaSp,NA,NA,NA
176,So-SaSp33,NA,Point,38.226047405,-122.827427481667,69.641,-27.649,SoMar,SaSp,NA,NA,NA
175,So-FrLa13-1/18,NA,Point,38.2260999183333,-122.82739125,69.629,-27.648,SoMar,FrLa,2024-01-18,Petaluma Jr. High,7
174,So-SaSp32,NA,Point,38.2261585083333,-122.827362915,70.281,-27.648,SoMar,SaSp,NA,NA,NA
173,So-SaSp31,NA,Point,38.2261717016667,-122.827368283333,70.226,-27.648,SoMar,SaSp,NA,NA,NA
172,So-SaSp30,NA,Point,38.2261921466667,-122.827369426667,70.525,-27.648,SoMar,SaSp,NA,NA,NA
171,So-SaSp29,NA,Point,38.2262106433333,-122.827356765,70.589,-27.648,SoMar,SaSp,NA,NA,NA
170,So-AeCa04,NA,Point,38.2262743066667,-122.827311623333,70.129,-27.648,SoMar,AeCa,NA,NA,NA
169,So-AeCa03,NA,Point,38.2263078933333,-122.827266706667,70.618,-27.648,SoMar,AeCa,NA,NA,NA
168,So-FrCa03-01/18,NA,Point,38.2263633066667,-122.827215798333,70.756,-27.648,SoMar,FrCa,2024-01-18,Petaluma Jr. High,7
167,So-FrLa12-1/18,NA,Point,38.226423715,-122.827178583333,71.137,-27.648,SoMar,FrLa,2024-01-18,Petaluma Jr. High,7
166,So-SaSp28,NA,Point,38.226528865,-122.827120325,71.525,-27.647,SoMar,SaSp,NA,NA,NA
165,So-RuUr02-1/18,NA,Point,38.2265339983333,-122.827133923333,71.226,-27.647,SoMar,RuUr,2024-01-18,Petaluma Jr. High,7
164,So-SaSp27,NA,Point,38.226545955,-122.827125641667,70.677,-27.647,SoMar,SaSp,NA,NA,NA
163,So-RuUr01-01/18,NA,Point,38.22655693,-122.82712054,70.511,-27.647,SoMar,RuUr,2024-01-18,Petaluma Jr. High,7
162,So-FrLa11-1/18,NA,Point,38.2266311816667,-122.827109021667,71.109,-27.647,SoMar,FrLa,2024-01-18,Petaluma Jr. High,7
161,So-CoSe10,NA,Point,38.226674145,-122.827056908333,71.179,-27.647,SoMar,CoSe,NA,NA,NA
160,So-CoSe09,NA,Point,38.2266855083333,-122.827053248333,71.108,-27.647,SoMar,CoSe,NA,NA,NA
159,So-CoSe08,NA,Point,38.2266953466667,-122.827049351667,70.982,-27.647,SoMar,CoSe,NA,NA,NA
158,So-CoSe07,NA,Point,38.2267083516667,-122.827045725,70.797,-27.647,SoMar,CoSe,NA,NA,NA
157,So-CoSe06,NA,Point,38.22671436,-122.82704364,70.966,-27.647,SoMar,CoSe,NA,NA,NA
156,So-FrCa02-1/18,NA,Point,38.2267497916667,-122.827051381667,71.432,-27.647,SoMar,FrCa,2024-01-18,Petaluma Jr. High,7
155,So-QuAg29,NA,Point,38.2267815083333,-122.827074628333,71.599,-27.647,SoMar,QuAg,NA,NA,NA
154,So-FrCa01-1/18,NA,Point,38.2268085183333,-122.82704052,71.157,-27.647,SoMar,FrCa,2024-01-18,Petaluma Jr. High,7
153,So-SaSp26,NA,Point,38.226844945,-122.827018338333,71.097,-27.647,SoMar,SaSp,NA,NA,NA
152,So-SaSp25,NA,Point,38.226869325,-122.827011103333,71.241,-27.647,SoMar,SaSp,NA,NA,NA
151,So-QuAg28,NA,Point,38.2269180966667,-122.827030173333,71.914,-27.647,SoMar,QuAg,NA,NA,NA
150,So-SaSp24,NA,Point,38.22569331,-122.827565406667,69.03,-27.649,SoMar,SaSp,NA,NA,NA
149,So-SaSp23,NA,Point,38.2257012616667,-122.827576225,68.944,-27.649,SoMar,SaSp,NA,NA,NA
148,So-SaSp22,NA,Point,38.2257223716667,-122.82757552,68.985,-27.649,SoMar,SaSp,NA,NA,NA
147,So-QuAg27,NA,Point,38.22574794,-122.827605265,69.992,-27.649,SoMar,QuAg,NA,NA,NA
146,So-QuAg26,NA,Point,38.22567563,-122.827668675,70.108,-27.649,SoMar,QuAg,NA,NA,NA
145,So-FrLa10,NA,Point,38.2252349683333,-122.827980943333,68.389,-27.651,SoMar,FrLa,NA,NA,NA
144,So-FrLa09,NA,Point,38.2251931533333,-122.828011436667,68.099,-27.651,SoMar,FrLa,NA,NA,NA
143,So-SaSp21,NA,Point,38.2251487183333,-122.828057505,67.824,-27.651,SoMar,SaSp,NA,NA,NA
142,So-SaSp20,NA,Point,38.2251409683333,-122.828074463333,67.789,-27.651,SoMar,SaSp,NA,NA,NA
141,So-SaSp19,NA,Point,38.2251236683333,-122.828089903333,67.204,-27.651,SoMar,SaSp,NA,NA,NA
140,So-SaSp18,NA,Point,38.2251105216667,-122.828108071667,68.016,-27.651,SoMar,SaSp,NA,NA,NA
139,So-SaSp17,NA,Point,38.2250997766667,-122.828116871667,68.346,-27.651,SoMar,SaSp,NA,NA,NA
138,So-SaSp16,NA,Point,38.224925275,-122.82823197,67.669,-27.651,SoMar,SaSp,NA,NA,NA
137,So-SaSp15,NA,Point,38.2249059433333,-122.82822404,67.399,-27.651,SoMar,SaSp,NA,NA,NA
136,So-SaSp14,NA,Point,38.22489179,-122.828244526667,67.283,-27.651,SoMar,SaSp,NA,NA,NA
135,So-SaSp13,NA,Point,38.2248765566667,-122.828246843333,67.001,-27.651,SoMar,SaSp,NA,NA,NA
134,So-SaSp12,NA,Point,38.2248676483333,-122.828265728333,67.221,-27.651,SoMar,SaSp,NA,NA,NA
133,So-AeCa02,NA,Point,38.2244878666667,-122.828354738333,67.756,-27.652,SoMar,AeCa,NA,NA,NA
132,So-AeCa01,NA,Point,38.2245066466667,-122.828316556667,67.936,-27.652,SoMar,AeCa,NA,NA,NA
131,So-QuAg25,NA,Point,38.22456996,-122.828315506667,68.602,-27.652,SoMar,QuAg,NA,NA,NA
130,So-FrLa08,NA,Point,38.224777275,-122.82832413,67.9,-27.652,SoMar,FrLa,NA,NA,NA
129,So-FrLa07,NA,Point,38.224750475,-122.82835389,68.263,-27.652,SoMar,FrLa,NA,NA,NA
128,So-FrLa06,NA,Point,38.2247099466667,-122.828392083333,68.239,-27.652,SoMar,FrLa,NA,NA,NA
127,So-QuAg24,NA,Point,38.224494016666704,-122.828599366667,67.171,-27.652,SoMar,QuAg,NA,NA,NA
126,So-FrLa05,NA,Point,38.2249515066667,-122.82812456,68.169,-27.651,SoMar,FrLa,NA,NA,NA
125,So-FrLa04,NA,Point,38.2250843866667,-122.828037261667,67.779,-27.651,SoMar,FrLa,NA,NA,NA
124,So-FrLa03,NA,Point,38.22511075,-122.828008851667,68.072,-27.651,SoMar,FrLa,NA,NA,NA
123,So-FrLa02,NA,Point,38.2252955383333,-122.827824981667,68.949,-27.65,SoMar,FrLa,NA,NA,NA
122,So-FrLa01,NA,Point,38.2253191616667,-122.827807595,68.996,-27.65,SoMar,FrLa,NA,NA,NA
121,So-QuAg23,NA,Point,38.2257319866667,-122.82749481,69.778,-27.649,SoMar,QuAg,NA,NA,NA
